Navio,Numero_de_Acidentes,Consumo_Combustivel,Media_Nota_Bad,Consumo_Luboil,Pendencias_em_Inspecoes,Despesas_Portuarias,Descarte_Lixo,Horas_Downtime,Custo_Rancho,Custo_Tripulacao,Consumo_Agua,Descarte_Organico,Valor_Diaria,Tempo_de_Contrato,Taxa_Retencao_Tripulacao
Navio A,6,5203,93.00,13910,8,387024,180,0,255559,191125,4007,1760,76230,8.005479452054795,0.97
Navio B,3,5034,93.83,12510,12,208324,195,0,258250,183125,4027,1747,74795,8.005479452054795,0.85
Navio C,3,5105,91.67,13920,11,152975,171,24.5,259812,136000,4056,1767,73850,3.5287671232876714,0.96
Navio D,2,5154,92.08,13125,11,145376,184,88.49999999999999,251586,139582,4032,1780,64015,2.0027397260273974,0.89
Navio E,2,5100,91.25,10610,7,181729,198,0,264180,190922,4036,1743,60375,3.0027397260273974,0.92
Navio F,5,5164,93.67,14240,2,172021,202,84.25,249048,179163,4024,1754,53410,3.0027397260273974,0.96
